Token;English;Russian;German;Spanish;Czech;Dutch;French;Japanese;Korean;Polish;Portuguese_Brazilian;Turkish;Ukrainian;Chinese;Chinese_Trad;Swedish;Italian;Romanian;Bulgarian;Macedonian;Finnish;Danish;Norwegian;Icelandic;Lithuanian;Hungarian;Slovak;Portuguese_European;Hindi;Thai;Croatian;Georgian;Greek;Serbian;Latvian
lu_controller_message_enable;Add;Добавить;Hinzufügen;Añadir;Přidat;Toevoegen;Ajouter;追加;추가;Dodaj;Adicionar;Ekle;Додати;添加;添加;Lägg till;Aggiungi;Adaugă;Добави;Додај;Lisää;Tilføj;Legg til;Bæta við;Pridėti;Hozzáad;Pridať;Adicionar;जोड़ें;เพิ่ม;Dodaj;დამატება;Προσθήκη;Dodaj;Pievienot
lu_controller_message_disable;Remove;Убрать;Entfernen;Eliminar;Odebrat;Verwijderen;Retirer;削除;제거;Usuń;Remover;Kaldır;Прибрати;移除;移除;Ta bort;Rimuovi;Elimină;Премахни;Отстрани;Poista;Fjern;Fjern;Fjarlægja;Pašalinti;Eltávolít;Odobrať;Remover;हटाएँ;ลบ;Ukloni;წაშლა;Αφαίρεση;Ukloni;Noņemt
lu_controller_message_switch;Switch;Переключить;Wechseln;Cambiar;Přepnout;Wisselen;Changer;切り替え;전환;Zmień;Trocar;Değiştir;Перемкнути;切换;切換;Växla;Cambia;Schimbă;Превключи;Префрли;Vaihda;Skift;Bytt;Skipta;Perjungti;Váltás;Prepnúť;Trocar;बदलें;สลับ;Promijeni;გადართვა;Αλλαγή;Promeni;Pārslēgt
lu_part_lantern_name;Lantern;Фонарь;Laterne;Linterna;Lucerna;Lantaarn;Lanterne;ランタン;랜턴;Lampa;Lanterna;Fener;Ліхтар;灯笼;燈籠;Lanterna;Lanterna;Felinar;Фенер;Фенер;Lyhty;Lanterne;Lykt;Ljósker;Žibintas;Lámpás;Lucerna;Lanterna;लालटेन;โคมไฟ;Fenjer;ფარანი;Φανάρι;Fenjer;Laterna
lu_part_lantern_enable;Hang;Повесить;Aufhängen;Colgar;Zavěsit;Ophangen;Accrocher;吊るす;걸기;Zawieś;Pendurar;As;Повісити;挂;掛;Häng upp;Appendi;Agață;Окачи;Закачи;Ripusta;Hæng op;Heng opp;Hengja upp;Pakabinti;Felakaszt;Zavesiť;Pendurar;लटकाएँ;แขวน;Objesi;დაკიდება;Κρέμασε;Okači;Pakārt
lu_part_lantern_disable;Remove;Снять;Entfernen;Quitar;Odebrat;Verwijderen;Retirer;外す;제거;Usuń;Remover;Kaldır;Зняти;移除;移除;Ta bort;Rimuovi;Elimină;Премахни;Отстрани;Poista;Fjern;Fjern;Fjarlægja;Pašalinti;Eltávolít;Odobrať;Remover;हटाएँ;ลบ;Ukloni;წაშლა;Αφαίρεση;Ukloni;Noņemt
lu_part_lantern_upgrade;Adds a lantern providing light at deck\nLantern and tent provides a warm place to rest;Добавляет фонарь, освещающий палубу\nФонарь и тент обеспечивают тёплое место для отдыха;Fügt eine Laterne hinzu, die das Deck beleuchtet\nLaterne und Zelt bieten einen warmen Ort zum Ausruhen;Añade una linterna que ilumina la cubierta\nLa linterna y el toldo proporcionan un lugar cálido para descansar;Přidává lucernu osvětlující palubu\nLucerna a stan poskytují teplé místo k odpočinku;Voegt een lantaarn toe die het dek verlicht\nLantaarn en luifel bieden een warme rustplaats;Ajoute une lanterne qui éclaire le pont\nLa lanterne et l’auvent offrent un endroit chaud pour se reposer;デッキを照らすランタンを追加します\nランタンとテントは暖かい休憩場所を提供します;갑판을 밝히는 랜턴을 추가합니다\n랜턴과 천막은 따뜻한 휴식 공간을 제공합니다;Dodaje lampę oświetlającą pokład\nLampa i namiot zapewniają ciepłe miejsce do odpoczynku;Adiciona uma lanterna que ilumina o convés\nA lanterna e a barraca oferecem um local quente para descansar;Güverteyi aydınlatan bir fener ekler\nFener ve tente sıcak bir dinlenme alanı sağlar;Додає ліхтар, що освітлює палубу\nЛіхтар і тент забезпечують тепле місце для відпочинку;在甲板上添加提供照明的灯笼\n灯笼和帐篷提供温暖的休息场所;在甲板上添加提供照明的燈籠\n燈籠和帳篷提供溫暖的休息場所;Lägger till en lanterna som lyser upp däcket\nLanterna och markisen ger en varm plats att vila;Aggiunge una lanterna che illumina il ponte\nLa lanterna e il tendalino offrono un luogo caldo per riposare;Adaugă un felinar care luminează puntea\nFelinarul și copertina oferă un loc cald pentru odihnă;Добавя фенер, който осветява палубата\nФенерът и навесът осигуряват топло място за почивка;Додава фенер што ја осветлува палубата\nФенерот и настрешницата обезбедуваат топло место за одмор;Lisää lyhdyn, joka valaisee kannen\nLyhty ja markiisi tarjoavat lämpimän paikan levätä;Tilføjer en lanterne, der lyser dækket op\nLanterne og markise giver et varmt sted at hvile;Legger til en lykt som lyser opp dekket\nLykt og markise gir et varmt sted å hvile;Bætir við ljóskeri sem lýsir upp þilfarið\nLjósker og skyggni veita hlýjan stað til að hvíla;Prideda žibintą, kuris apšviečia denį\nŽibintas ir stogelis suteikia šiltą poilsio vietą;Hozzáad egy lámpást, amely megvilágítja a fedélzetet\nA lámpás és a napvitorla meleg pihenőhelyet ad;Pridá lucernu, ktorá osvetľuje palubu\nLucerna a prístrešok poskytujú teplé miesto na oddych;Adiciona uma lanterna que ilumina o convés\nA lanterna e o toldo oferecem um local quente para descansar;डेक को रोशन करने के लिए लालटेन जोड़ता है\nलालटेन और छज्जा आराम के लिए गर्म जगह देते हैं;เพิ่มโคมไฟที่ให้แสงสว่างบนดาดฟ้า\nโคมไฟและกันสาดเป็นที่พักที่อบอุ่น;Dodaje fenjer koji osvjetljava palubu\nFenjer i nadstrešnica pružaju toplo mjesto za odmor;ამატებს ფარანს, რომელიც ანათებს გემბანს\nფარანი და ტენტი უზრუნველყოფს თბილ ადგილს დასასვენებლად;Προσθέτει φανάρι που φωτίζει το κατάστρωμα\nΤο φανάρι και η τέντα προσφέρουν ζεστό μέρος για ξεκούραση;Dodaje fenjer koji osvetljava palubu\nFenjer i nadstrešnica obezbeđuju toplo mesto za odmor;Pievieno laternu, kas izgaismo klāju\nLaterna un nojume nodrošina siltu vietu atpūtai
lu_part_tent_name;Tent;Тент;Markise;Toldo;Stan;Luifel;Auvent;テント;천막;Namiot;Barraca;Çadır;Тент;帐篷;帳篷;Markis;Tendalino;Copertină;Навес;Настрешница;Markiisi;Markise;Markise;Skyggni;Stogelis;Napvitorla;Prístrešok;Toldo;छज्जा;กันสาด;Nadstrešnica;ტენტი;Τέντα;Nadstrešnica;Nojume
lu_part_tent_enable;Place;Разместить;Platzieren;Colocar;Umístit;Plaatsen;Placer;設置;설치;Postaw;Colocar;Yerleştir;Розмістити;放置;放置;Placera;Posiziona;Plasează;Постави;Постави;Aseta;Placer;Plasser;Setja;Pastatyti;Elhelyez;Umiestniť;Colocar;स्थापित करें;วาง;Postavi;განთავსება;Τοποθέτησε;Postavi;Novietot
lu_part_tent_disable;Remove;Убрать;Entfernen;Quitar;Odebrat;Verwijderen;Retirer;削除;제거;Usuń;Remover;Kaldır;Прибрати;移除;移除;Ta bort;Rimuovi;Elimină;Премахни;Отстрани;Poista;Fjern;Fjern;Fjarlægja;Pašalinti;Eltávolít;Odobrať;Remover;हटाएँ;ลบ;Ukloni;წაშლა;Αφαίρεση;Ukloni;Noņemt
lu_part_tent_switch;Change color;Изменить цвет;Farbe ändern;Cambiar color;Změnit barvu;Kleur wijzigen;Changer la couleur;色を変更;색상 변경;Zmień kolor;Alterar cor;Rengi değiştir;Змінити колір;更换颜色;更換顏色;Byt färg;Cambia colore;Schimbă culoarea;Смени цвета;Смени боја;Vaihda väri;Skift farve;Bytt farge;Skipta lit;Keisti spalvą;Színt vált;Zmeniť farbu;Mudar cor;रंग बदलें;เปลี่ยนสี;Promijeni boju;ფერის შეცვლა;Αλλαγή χρώματος;Promeni boju;Mainīt krāsu
lu_part_tent_upgrade;Adds an awning to protect from the elements\nAllows you to change its style;Добавляет тент для защиты от непогоды\nПозволяет менять стиль тента;Fügt ein Vordach zum Wetterschutz hinzu\nErlaubt das Ändern des Stils;Añade un toldo para proteger del clima\nPermite cambiar su estilo;Přidá přístřešek proti počasí\nUmožňuje změnit jeho styl;Voegt een luifel toe ter bescherming tegen het weer\nMaakt het mogelijk de stijl te wijzigen;Ajoute un auvent pour se protéger des intempéries\nPermet de changer son style;天候から守るオーニングを追加します\nスタイルを変更できます;날씨로부터 보호하는 천막을 추가합니다\n스타일을 변경할 수 있습니다;Dodaje daszek chroniący przed pogodą\nPozwala zmienić jego styl;Adiciona um toldo para proteção contra o clima\nPermite alterar seu estilo;Hava koşullarına karşı tente ekler\nStilini değiştirmenizi sağlar;Додає тент для захисту від негоди\nДозволяє змінювати стиль;添加遮篷以抵御天气影响\n允许更换其样式;新增遮篷以抵禦天氣影響\n允許更換樣式;Lägger till en markis som skyddar mot väder och vind\nGör det möjligt att ändra dess stil;Aggiunge un tendalino per proteggere dalle intemperie\nConsente di cambiarne lo stile;Adaugă o copertină pentru protecție împotriva vremii\nPermite schimbarea stilului;Добавя навес за защита от времето\nПозволява да смените стила му;Додава настрешница за заштита од времето\nОвозможува промена на стилот;Lisää markiisin suojaamaan säältä\nMahdollistaa tyylin vaihtamisen;Tilføjer en markise til beskyttelse mod vejret\nGør det muligt at ændre stil;Legger til en markise for beskyttelse mot vær\nGjør det mulig å endre stil;Bætir við skyggni til að verjast veðri\nGerir kleift að breyta stíl;Prideda stogelį apsaugai nuo oro\nLeidžia keisti jo stilių;Napvitorlát ad hozzá az időjárás elleni védelemhez\nLehetővé teszi a stílus váltását;Pridáva prístrešok na ochranu pred počasím\nUmožňuje zmeniť jeho štýl;Adiciona um toldo para proteção contra o clima\nPermite alterar o estilo;मौसम से बचाने के लिए छज्जा जोड़ता है\nइसकी शैली बदली जा सकती है;เพิ่มกันสาดเพื่อป้องกันสภาพอากาศ\nสามารถเปลี่ยนสไตล์ได้;Dodaje nadstrešnicu za zaštitu od vremenskih uvjeta\nOmogućuje promjenu stila;ამატებს ტენტს ამინდისგან დაცვისთვის\nსაშუალებას აძლევს სტილის შეცვლას;Προσθέτει τέντα για προστασία από τον καιρό\nΕπιτρέπει αλλαγή στυλ;Dodaje nadstrešnicu za zaštitu od vremenskih uslova\nOmogućava promenu stila;Pievieno nojumi aizsardzībai pret laikapstākļiem\nĻauj mainīt tās stilu
lu_part_mast_name;Mast;Мачта;Mast;Mástil;Stěžeň;Mast;Mât;マスト;돛대;Maszt;Mastro;Direk;Щогла;桅杆;桅杆;Mast;Albero;Catarg;Мачта;Јарбол;Masto;Mast;Mast;Mastri;Stiebas;Árbóc;Sťažeň;Mastro;मस्तूल;เสากระโดง;Jarbol;ძელი;Ιστός;Jarbol;Masts
lu_part_mast_enable;Put up;Поднять;Aufstellen;Montar;Vztyčit;Oprichten;Installer;立てる;세우기;Postaw;Colocar;Yükselt;Підняти;竖起;豎起;Res;Alza;Ridică;Вдигни;Подигни;Pystytä;Rejs;Reis;Reisa;Iškelti;Felállít;Vztyčiť;Içar;उठाएँ;ยกขึ้น;Podigni;აღმართვა;Σήκωσε;Podigni;Pacelt
lu_part_mast_disable;Remove;Убрать;Entfernen;Quitar;Odebrat;Verwijderen;Retirer;削除;제거;Usuń;Remover;Kaldır;Прибрати;移除;移除;Ta bort;Rimuovi;Elimină;Премахни;Отстрани;Poista;Fjern;Fjern;Fjarlægja;Pašalinti;Eltávolít;Odobrať;Remover;हटाएँ;ลบ;Ukloni;წაშლა;Αφαίρεση;Ukloni;Noņemt
lu_part_mast_upgrade;Adds a beam for a lantern and a tent placing\nMakes the mast removable\nAllows you to change sails style;Добавляет балку для фонаря и размещения тента\nДелает мачту съемной\nПозволяет менять стиль парусов;Fügt einen Balken für Laterne und Zelt hinzu\nMacht den Mast abnehmbar\nErlaubt das Ändern des Segelstils;Agrega una viga para linterna y tienda\nHace que el mástil sea desmontable\nPermite cambiar el estilo de las velas;Přidá nosník pro lucernu a stan\nUmožní sundat stěžeň\nUmožňuje změnit styl plachet;Voegt een balk toe voor lantaarn en tent\nMaakt de mast verwijderbaar\nMaakt het mogelijk de zeilstijl te wijzigen;Ajoute une poutre pour lanterne et auvent\nRend le mât amovible\nPermet de changer le style des voiles;ランタンとテント用の梁を追加します\nマストを取り外し可能にします\n帆のスタイルを変更できます;랜턴과 천막을 위한 빔을 추가합니다\n돛대를 제거할 수 있습니다\n돛 스타일을 변경할 수 있습니다;Dodaje belkę na lampę i namiot\nMaszt staje się demontowalny\nPozwala zmienić styl żagli;Adiciona uma viga para lanterna e barraca\nTorna o mastro removível\nPermite alterar o estilo das velas;Fener ve tente için kiriş ekler\nDireği çıkarılabilir yapar\nYelken stilini değiştirmenizi sağlar;Додає балку для ліхтаря і тента\nРобить щоглу знімною\nДозволяє змінювати стиль вітрил;添加用于灯笼和帐篷的横梁\n使桅杆可拆卸\n允许更换船帆样式;新增用於燈籠與帳篷的橫梁\n使桅杆可拆卸\n允許更換船帆樣式;Lägger till en balk för lanterna och markis\nGör masten avtagbar\nTillåter byte av segelstil;Aggiunge una trave per lanterna e tendalino\nRende l’albero rimovibile\nConsente di cambiare lo stile delle vele;Adaugă o grindă pentru felinar și copertină\nFace catargul detașabil\nPermite schimbarea stilului velelor;Добавя греда за фенер и навес\nПрави мачтата подвижна\nПозволява да смените стила на платната;Додава греда за фенер и настрешница\nГо прави јарболот отстранлив\nОвозможува промена на стилот на едрата;Lisää palkin lyhdylle ja markiisi\nTekee mastosta irrotettavan\nMahdollistaa purjeiden tyylin vaihdon;Tilføjer en bjælke til lanterne og markise\nGør masten aftagelig\nMuliggør ændring af sejlstil;Legger til en bjelke for lykt og markise\nGjør masten avtakbar\nTillater endring av seilstil;Bætir við bjálka fyrir ljósker og skyggni\nGerir mastrið aftakanlegt\nLeyfir breytingu á seglastíl;Prideda siją žibintui ir stogeliui\nPadaro stiebą nuimamą\nLeidžia keisti burių stilių;Hozzáad egy gerendát lámpához és napvitorlához\nLeszerelhetővé teszi az árbócot\nLehetővé teszi a vitorlastílus váltását;Pridáva nosník pre lucernu a prístrešok\nRobí sťažeň odnímateľným\nUmožňuje zmeniť štýl plachiet;Adiciona uma viga para lanterna e toldo\nTorna o mastro removível\nPermite alterar o estilo das velas;लालटेन और छज्जे के लिए एक बीम जोड़ता है\nमस्तूल को हटाने योग्य बनाता है\nपाल की शैली बदलने देता है;เพิ่มคานสำหรับโคมไฟและกันสาด\nทำให้เสาถอดได้\nเปลี่ยนสไตล์ใบเรือได้;Dodaje gredu za fenjer i nadstrešnicu\nČini jarbol uklonjivim\nOmogućuje promjenu stila jedara;ამატებს სხივს ფარნისა და ტენტისათვის\nხდის ძელს მოხსნადს\nსაშუალებას აძლევს იალქნების სტილის შეცვლას;Προσθέτει δοκό για φανάρι και τέντα\nΚάνει τον ιστό αποσπώμενο\nΕπιτρέπει αλλαγή στυλ πανιών;Dodaje gredu za fenjer i nadstrešnicu\nČini jarbol uklonjivim\nOmogućava promenu stila jedara;Pievieno siju laternai un nojumei\nPadara mastu noņemamu\nĻauj mainīt buru stilu
lu_part_sail_name;Sail;Парус;Segel;Vela;Plachta;Zeil;Voile;帆;돛;Żagiel;Vela;Yelken;Вітрило;船帆;船帆;Segel;Vela;Velă;Платно;Едро;Purje;Sejl;Seil;Segl;Burė;Vitorla;Plachta;Vela;पाल;ใบเรือ;Jedro;იალქანი;Ιστίο;Jedro;Bura
lu_part_sail_switch;Switch;Сменить;Wechseln;Cambiar;Změnit;Wisselen;Changer;切り替え;전환;Zmień;Trocar;Değiştir;Змінити;更换;更換;Växla;Cambia;Schimbă;Превключи;Префрли;Vaihda;Skift;Bytt;Skipta;Perjungti;Váltás;Prepnúť;Trocar;बदलें;สลับ;Promijeni;გადართვა;Αλλαγή;Promeni;Pārslēgt
lu_part_lamp_name;Lamp;Огонь;Licht;Lámpara;Oheň;Lamp;Lampe;ランプ;불;Lampa;Lâmpada;Ateş;Вогонь;提灯;提燈;Eld;Fuoco;Foc;Огън;Оган;Tuli;Ild;Ild;Eldur;Ugnis;Tűz;Oheň;Fogo;आग;ไฟ;Vatra;ცეცხლი;Φωτιά;Vatra;Uguns
lu_part_lamp_enable;Light up;Зажечь;Anzünden;Encender;Zapálit;Aansteken;Allumer;点灯;점화;Zapal;Acender;Yak;Запалити;点亮;點亮;Tänd;Accendi;Aprinde;Запали;Запали;Sytytä;Tænd;Tenn;Kveikja;Uždegti;Gyújtsd meg;Zapáliť;Acender;जलाएँ;จุด;Zapali;ანთება;Άναψε;Upali;Aizdedzināt
lu_part_lamp_disable;Put out;Потушить;Löschen;Apagar;Uhasit;Doven;Éteindre;消す;끄기;Zgaś;Apagar;Söndür;Загасити;熄灭;熄滅;Släck;Spegni;Stinge;Загаси;Изгаси;Sammuta;Sluk;Slukk;Slökkva;Užgesinti;Oltsd el;Uhasiť;Apagar;बुझाएँ;ดับ;Ugasi;ჩაქრობა;Σβήσε;Ugasi;Nodzēst
lu_part_container_upgrade1;Expands storage width;Увеличивает ширину хранилища;Erweitert die Lagerbreite;Amplía el ancho de almacenamiento;Rozšiřuje šířku úložiště;Vergroot de opslagbreedte;Augmente la largeur du stockage;収納の幅を拡張します;보관함 너비를 확장합니다;Zwiększa szerokość magazynu;Expande a largura do armazenamento;Depolama genişliğini artırır;Збільшує ширину сховища;扩展存储宽度;擴展儲存寬度;Utökar lagrets bredd;Espande la larghezza del deposito;Extinde lățimea depozitului;Разширява ширината на склада;Ја зголемува ширината на складиштето;Laajentaa varaston leveyttä;Udvider lagerets bredde;Utvider lagerets bredde;Stækkar breidd geymslu;Išplečia saugyklos plotį;Növeli a tároló szélességét;Rozširuje šírku úložiska;Expande a largura do armazenamento;भंडारण की चौड़ाई बढ़ाता है;ขยายความกว้างของที่เก็บ;Proširuje širinu spremišta;ზრდის საცავის სიგანეს;Επεκτείνει το πλάτος αποθήκευσης;Proširuje širinu skladišta;Paplašina krātuves platumu
lu_part_container_upgrade2;Expands storage height;Увеличивает высоту хранилища;Erweitert die Lagerhöhe;Amplía la altura de almacenamiento;Rozšiřuje výšku úložiště;Vergroot de opslaghoogte;Augmente la hauteur du stockage;収納の高さを拡張します;보관함 높이를 확장합니다;Zwiększa wysokość magazynu;Expande a altura do armazenamento;Depolama yüksekliğini artırır;Збільшує висоту сховища;扩展存储高度;擴展儲存高度;Utökar lagrets höjd;Espande l’altezza del deposito;Extinde înălțimea depozitului;Разширява височината на склада;Ја зголемува висината на складиштето;Laajentaa varaston korkeutta;Udvider lagerets højde;Utvider lagerets høyde;Stækkar hæð geymslu;Išplečia saugyklos aukštį;Növeli a tároló magasságát;Rozširuje výšku úložiska;Expande a altura do armazenamento;भंडारण की ऊँचाई बढ़ाता है;ขยายความสูงของที่เก็บ;Proširuje visinu spremišta;ზრდის საცავის სიმაღლეს;Επεκτείνει το ύψος αποθήκευσης;Proširuje visinu skladišta;Paplašina krātuves augstumu
lu_part_hull_name;Hull;Корпус;Rumpf;Casco;Trup;Romp;Coque;船体;선체;Kadłub;Casco;Gövde;Корпус;船体;船體;Skrov;Scafo;Cocă;Корпус;Труп;Runko;Skrog;Skrog;Skrokkur;Korpusas;Hajótest;Trup;Casco;पतवार;ลำเรือ;Trup;კორპუსი;Σκάφος;Trup;Korpuss
lu_part_hull_upgrade1;Increases health\nAdds shields for extra protection\nAllows you to change shields style;Увеличивает здоровье\nДобавляет щиты для дополнительной защиты\nПозволяет менять стиль щитов;Erhöht die Haltbarkeit\nFügt Schilde für zusätzlichen Schutz hinzu\nErlaubt das Ändern des Schildstils;Aumenta la durabilidad\nAgrega escudos para protección adicional\nPermite cambiar el estilo de los escudos;Zvyšuje odolnost\nPřidává štíty pro dodatečnou ochranu\nUmožňuje změnit styl štítů;Verhoogt de duurzaamheid\nVoegt schilden toe voor extra bescherming\nMaakt het mogelijk de schildstijl te wijzigen;Augmente la durabilité\nAjoute des boucliers pour une protection supplémentaire\nPermet de changer le style des boucliers;耐久力を増加\n追加防御としてシールドを追加\nシールドのスタイルを変更できます;내구도를 증가시킵니다\n추가 보호를 위한 방패를 추가합니다\n방패 스타일을 변경할 수 있습니다;Zwiększa wytrzymałość\nDodaje osłony dla dodatkowej ochrony\nPozwala zmienić styl osłon;Aumenta a durabilidade\nAdiciona escudos para proteção extra\nPermite alterar o estilo dos escudos;Dayanıklılığı artırır\nEk koruma için kalkanlar ekler\nKalkan stilini değiştirmenizi sağlar;Збільшує міцність\nДодає щити для додаткового захисту\nДозволяє змінювати стиль щитів;增加耐久度\n添加盾牌以提供额外防护\n允许更换盾牌样式;增加耐久度\n新增盾牌以提供額外防護\n允許更換盾牌樣式;Ökar hållbarheten\nLägger till sköldar för extra skydd\nGör det möjligt att ändra sköldarnas stil;Aumenta la durabilità\nAggiunge scudi per una protezione extra\nPermette di cambiare lo stile degli scudi;Crește durabilitatea\nAdaugă scuturi pentru protecție suplimentară\nPermite schimbarea stilului scuturilor;Увеличава издръжливостта\nДобавя щитове за допълнителна защита\nПозволява да смените стила на щитовете;Ја зголемува издржливоста\nДодава штитови за дополнителна заштита\nОвозможува промена на стилот на штитовите;Lisää kestävyyttä\nLisää kilpiä lisäsuojaksi\nMahdollistaa kilpien tyylin vaihtamisen;Øger holdbarheden\nTilføjer skjolde for ekstra beskyttelse\nGør det muligt at ændre skjoldenes stil;Øker holdbarheten\nLegger til skjold for ekstra beskyttelse\nGjør det mulig å endre skjoldstilen;Eykur endingu\nBætir við skjöldum fyrir aukna vernd\nGerir kleift að breyta stíl skjaldanna;Padidina patvarumą\nPrideda skydus papildomai apsaugai\nLeidžia keisti skydų stilių;Növeli a tartósságot\nPajzsokat ad hozzá extra védelemhez\nLehetővé teszi a pajzsok stílusának váltását;Zvyšuje odolnosť\nPridáva štíty pre dodatočnú ochranu\nUmožňuje zmeniť štýl štítov;Aumenta a durabilidade\nAdiciona escudos para proteção extra\nPermite alterar o estilo dos escudos;टिकाऊपन बढ़ाता है\nअतिरिक्त सुरक्षा के लिए ढालें जोड़ता है\nढालों की शैली बदलने देता है;เพิ่มความทนทาน\nเพิ่มโล่เพื่อการป้องกันเพิ่มเติม\nสามารถเปลี่ยนสไตล์โล่ได้;Povećava izdržljivost\nDodaje štitove za dodatnu zaštitu\nOmogućuje promjenu stila štitova;ზრდის გამძლეობას\nამატებს ფარებს დამატებითი დაცვისთვის\nსაშუალებას აძლევს ფარების სტილის შეცვლას;Αυξάνει την αντοχή\nΠροσθέτει ασπίδες για επιπλέον προστασία\nΕπιτρέπει αλλαγή στυλ ασπίδων;Povećava izdržljivost\nDodaje štitove za dodatnu zaštitu\nOmogućava promenu stila štitova;Palielina izturību\nPievieno vairogus papildu aizsardzībai\nĻauj mainīt vairogu stilu
lu_part_hull_upgrade2;Increases health $1;Увеличивает здоровье $1;Erhöht Haltbarkeit um $1;Aumenta la durabilidad $1;Zvyšuje odolnost o $1;Verhoogt duurzaamheid met $1;Augmente la durabilité de $1;耐久力が $1 増加;내구도 $1 증가;Zwiększa wytrzymałość o $1;Aumenta a durabilidade em $1;Dayanıklılığı $1 artırır;Збільшує міцність на $1;增加$1点耐久度;增加 $1 點耐久度;Ökar hållbarheten $1;Aumenta la durabilità $1;Crește durabilitatea cu $1;Увеличава издръжливостта с $1;Ја зголемува издржливоста за $1;Lisää kestävyyttä $1;Øger holdbarheden med $1;Øker holdbarheten med $1;Eykur endingu um $1;Padidina patvarumą $1;Növeli a tartósságot $1;Zvyšuje odolnosť o $1;Aumenta a durabilidade em $1;टिकाऊपन $1 बढ़ाता है;เพิ่มความทนทาน $1;Povećava izdržljivost za $1;ზრდის გამძლეობას $1;Αυξάνει την αντοχή κατά $1;Povećava izdržljivost za $1;Palielina izturību par $1
lu_part_hull_upgrade2_ashlands;Adds protection from Ashlands ocean;Добавляет защиту от океана Пепельных земель;Bietet Schutz vor dem Ozean der Aschlande;Agrega protección contra el océano de las Tierras de Ceniza;Přidává ochranu proti oceánu Popelnatých zemí;Biedt bescherming tegen de oceaan van de Ashlands;Ajoute une protection contre l’océan des Terres Cendrées;アッシュランドの海からの防御を追加します;애쉬랜드 바다로부터의 보호를 추가합니다;Dodaje ochronę przed oceanem Ashlands;Adiciona proteção contra o oceano das Ashlands;Kül Toprakları okyanusuna karşı koruma ekler;Додає захист від океану Попелястих земель;增加对灰烬之地海洋的防护;增加對灰燼之地海洋的防護;Lägger till skydd mot Ashlands-havet;Aggiunge protezione dall’oceano delle Ashlands;Adaugă protecție împotriva oceanului Ashlands;Добавя защита от океана на Ashlands;Додава заштита од океанот на Ashlands;Lisää suojaa Ashlandsin mereltä;Tilføjer beskyttelse mod Ashlands-oceanen;Legger til beskyttelse mot Ashlands-havet;Bætir við vernd gegn Ashlands-hafinu;Prideda apsaugą nuo Ashlands vandenyno;Védelmet ad az Ashlands óceánja ellen;Pridáva ochranu pred oceánom Ashlands;Adiciona proteção contra o oceano de Ashlands;Ashlands के महासागर से सुरक्षा जोड़ता है;เพิ่มการป้องกันจากมหาสมุทร Ashlands;Dodaje zaštitu od oceana Ashlands;ამატებს დაცვას Ashlands-ის ოკეანისგან;Προσθέτει προστασία από τον ωκεανό του Ashlands;Dodaje zaštitu od oceana Ashlands;Pievieno aizsardzību pret Ashlands okeānu
lu_part_shields_name;Shields;Щиты;Schilde;Escudos;Štíty;Schilden;Boucliers;シールド;방패;Osłony;Escudos;Kalkanlar;Щити;盾牌;盾牌;Sköldar;Scudi;Scuturi;Щитове;Штитови;Kilvet;Skjolde;Skjold;Skildir;Skydai;Pajzsok;Štíty;Escudos;ढालें;โล่;Štitovi;ფარები;Ασπίδες;Štitovi;Vairogi
lu_part_shields_switch;Change style;Изменить стиль;Stil ändern;Cambiar estilo;Změnit styl;Stijl wijzigen;Changer le style;スタイルを変更;스타일 변경;Zmień styl;Alterar estilo;Stili değiştir;Змінити стиль;更换样式;更換樣式;Ändra stil;Cambia stile;Schimbă stilul;Смени стила;Промени стил;Vaihda tyyli;Skift stil;Bytt stil;Breyta stíl;Keisti stilių;Stílus váltása;Zmeniť štýl;Mudar estilo;शैली बदलें;เปลี่ยนสไตล์;Promijeni stil;სტილის შეცვლა;Αλλαγή στυλ;Promeni stil;Mainīt stilu
lu_part_head_name;Figurehead;Резная голова;Galionsfigur;Figura de proa;Lodní figura;Boegbeeld;Figure de proue;船首像;선수상;Figura dziobowa;Figura de proa;Baş figürü;Носова фігура;船首像;船首像;Galjonsfigur;Polena;Figurină de prova;Фигура на носа;Носна фигура;Keulakuva;Gallionsfigur;Gallionsfigur;Galjón;Laivapriekio figūra;Hajóorr figura;Lodná figúra;Figura de proa;नौ-मुख मूर्ति;หัวเรือ;Pramčana figura;მშვილდის ფიგურა;Ακρόπρωρο;Pramčana figura;Priekšgala figūra
lu_part_head_switch;Change style;Поменять;Stil ändern;Cambiar estilo;Změnit styl;Stijl wijzigen;Changer le style;スタイルを変更;스타일 변경;Zmień styl;Alterar estilo;Stili değiştir;Змінити стиль;更换样式;更換樣式;Ändra stil;Cambia stile;Schimbă stilul;Смени стила;Промени стил;Vaihda tyyli;Skift stil;Bytt stil;Breyta stíl;Keisti stilių;Stílus váltása;Zmeniť štýl;Mudar estilo;शैली बदलें;เปลี่ยนสไตล์;Promijeni stil;სტილის შეცვლა;Αλλαγή στυλ;Promeni stil;Mainīt stilu
lu_part_turrets_name;Turrets;Баллисты;Geschütztürme;Torretas;Věže;Torens;Tourelles;砲塔;포탑;Wieżyczki;Torres;Taretler;Балісти;炮塔;砲塔;Torn;Torrette;Turele;Кули;Кули;Tornit;Tårne;Tårn;Turnar;Bokšteliai;Tornyok;Veže;Torretas;बुर्ज;ป้อมปืน;Tornjevi;კოშკები;Πυργίσκοι;Tornjevi;Torņi
lu_part_turrets_enable;Activate;Активировать;Aktivieren;Activar;Aktivovat;Activeren;Activer;有効にする;활성화;Aktywuj;Ativar;Etkinleştir;Активувати;激活;啟用;Aktivera;Attiva;Activează;Активирай;Активирај;Aktivoi;Aktivér;Aktiver;Virkja;Aktyvuoti;Aktivál;Aktivovať;Ativar;सक्रिय करें;เปิดใช้งาน;Aktiviraj;გააქტიურება;Ενεργοποίησε;Aktiviraj;Aktivizēt
lu_part_turrets_disable;Deactivate;Деактивировать;Deaktivieren;Desactivar;Deaktivovat;Deactiveren;Désactiver;無効にする;비활성화;Dezaktywuj;Desativar;Devre dışı bırak;Деактивувати;停用;停用;Inaktivera;Disattiva;Dezactivează;Деактивирай;Деактивирај;Poista käytöstä;Deaktivér;Deaktiver;Afvirkja;Deaktyvuoti;Deaktivál;Deaktivovať;Desativar;निष्क्रिय करें;ปิดใช้งาน;Deaktiviraj;გამორთვა;Απενεργοποίησε;Deaktiviraj;Deaktivizēt
lu_part_turrets_upgrade;Adds a pair of mini-turrets that shoot bolts at enemies;Добавляет пару мини-баллист, стреляющих болтами по врагам;Fügt ein Paar Mini-Geschütze hinzu, die Bolzen auf Feinde schießen;Agrega un par de minitorretas que disparan virotes a los enemigos;Přidává dvojici mini věží střílejících šipky na nepřátele;Voegt een paar mini-torens toe die bouten op vijanden schieten;Ajoute une paire de mini-tourelles tirant des carreaux sur les ennemis;敵にボルトを発射するミニ砲塔を2基追加します;적에게 볼트를 발사하는 미니 포탑 한 쌍을 추가합니다;Dodaje parę mini-wieżyczek strzelających bełtami w przeciwników;Adiciona um par de mini-torres que disparam virotes nos inimigos;Düşmanlara ok atan bir çift mini taret ekler;Додає пару міні-баліст, що стріляють болтами по ворогах;添加一对向敌人发射弩箭的微型炮塔;新增一對向敵人發射弩箭的微型砲塔;Lägger till ett par minitorn som skjuter bultar mot fiender;Aggiunge una coppia di mini-torrette che sparano dardi ai nemici;Adaugă o pereche de mini-turele care trag cu săgeți în inamici;Добавя двойка мини-кули, които стрелят с болтове по враговете;Додава пар мини-кули што пукаат болтови кон непријателите;Lisää parin minitornia, jotka ampuvat pultteja vihollisia kohti;Tilføjer et par minitårne, der skyder bolte mod fjender;Legger til et par minitårn som skyter bolter mot fiender;Bætir við tveimur litlum turnum sem skjóta boltum á óvini;Prideda porą mini bokštelių, kurie šaudo varžtais į priešus;Hozzáad egy pár mini tornyot, amelyek boltokat lőnek az ellenségekre;Pridáva pár mini-veží, ktoré strieľajú bolty na nepriateľov;Adiciona um par de mini-torretas que disparam virotes nos inimigos;दुश्मनों पर बोल्ट चलाने वाले दो मिनी-बुर्ज जोड़ता है;เพิ่มป้อมปืนขนาดเล็กสองกระบอกที่ยิงลูกธนูใส่ศัตรู;Dodaje par mini-tornjeva koji ispaljuju vijke na neprijatelje;ამატებს ორ მინი-კოშკს, რომლებიც მტრებზე ისვრიან ბოლტებს;Προσθέτει ένα ζευγάρι μίνι πυργίσκων που ρίχνουν βέλη στους εχθρούς;Dodaje par mini-tornjeva koji ispaljuju vijke na neprijatelje;Pievieno pāri mini-torņu, kas šauj bultas uz ienaidniekiem
lu_controller_message_unknownupgrade;Unknown upgrade;Неизвестное улучшение;Unbekanntes Upgrade;Mejora desconocida;Neznámé vylepšení;Onbekende upgrade;Amélioration inconnue;不明なアップグレード;알 수 없는 업그레이드;Nieznane ulepszenie;Atualização desconhecida;Bilinmeyen yükseltme;Невідоме покращення;未知升级;未知升級;Okänd uppgradering;Potenziamento sconosciuto;Îmbunătățire necunoscută;Неизвестно подобрение;Непознато подобрување;Tuntematon parannus;Ukendt opgradering;Ukjent oppgradering;Óþekkt uppfærsla;Nežinomas patobulinimas;Ismeretlen fejlesztés;Neznáme vylepšenie;Atualização desconhecida;अज्ञात उन्नयन;การอัปเกรดที่ไม่รู้จัก;Nepoznato poboljšanje;უცნობი გაუმჯობესება;Άγνωστη αναβάθμιση;Nepoznato unapređenje;Nezināms uzlabojums
lu_controller_message_unknownitem;Unknown item;Неизвестный предмет;Unbekannter Gegenstand;Objeto desconocido;Neznámý předmět;Onbekend voorwerp;Objet inconnu;不明なアイテム;알 수 없는 아이템;Nieznany przedmiot;Item desconhecido;Bilinmeyen öğe;Невідомий предмет;未知物品;未知物品;Okänt föremål;Oggetto sconosciuto;Obiect necunoscut;Неизвестен предмет;Непознат предмет;Tuntematon esine;Ukendt genstand;Ukjent gjenstand;Óþekktur hlutur;Nežinomas daiktas;Ismeretlen tárgy;Neznámy predmet;Item desconhecido;अज्ञात वस्तु;ไอเทมที่ไม่รู้จัก;Nepoznati predmet;უცნობი ნივთი;Άγνωστο αντικείμενο;Nepoznat predmet;Nezināms priekšmets
lu_box_name;Box;Ящик;Kiste;Caja;Bedna;Kist;Caisse;箱;상자;Skrzynia;Caixa;Kutu;Ящик;箱子;箱子;Låda;Cassa;Cutie;Кутия;Кутија;Laatikko;Kasse;Kasse;Kassi;Dėžė;Láda;Debna;Caixa;डिब्बा;กล่อง;Kutija;ყუთი;Κουτί;Kutija;Kaste
lu_box_climb;Climb;Залезть;Klettern;Escalar;Vylézt;Beklimmen;Grimper;登る;오르기;Wspinaj się;Escalar;Tırman;Видряпатися;攀爬;攀爬;Klättra;Arrampicati;Cațără-te;Изкачи се;Искачи се;Kiipeä;Klatr;Klatre;Klifra;Užlipti;Mássz fel;Vyliezť;Escalar;चढ़ें;ปีน;Popni se;აცოცება;Σκαρφάλωσε;Popni se;Uzkāpt
lu_part_wisp_upgrade;Mount the wisp torch to the top of the mast;Установить на вершину мачты факел с огоньком;Platziert die Irrlicht-Fackel oben am Mast;Monta la antorcha de wisp en la parte superior del mástil;Připevní pochodeň s ohýnkem na vrchol stěžně;Bevestigt de wisp-fakkel boven op de mast;Fixe la torche de feu follet au sommet du mât;ウィスプトーチをマストの頂上に取り付けます;돛대 꼭대기에 위습 횃불을 설치합니다;Montuje pochodnię z ognikiem na szczycie masztu;Instala a tocha de wisp no topo do mastro;Ogon meşalesini direğin tepesine monte eder;Встановлює смолоскип з вогником на вершину щогли;将幽魂火炬安装在桅杆顶部;將幽魂火炬安裝在桅杆頂部;Montera irrblossfacklan högst upp på masten;Monta la torcia del fuoco fatuo in cima all’albero;Montează torța focului fătui în vârful catargului;Монтира факела с блуждаещ огън на върха на мачтата;Монтира факел со светлечка на врвот на јарболот;Kiinnittää keijuvalosoihdun maston huipulle;Monterer vandringslysfaklen øverst på masten;Monterer vandrende-lys-fakkelen på toppen av masten;Festir Vísir-kyndilinn efst á mastrið;Pritvirtina klaidžiojančios šviesos deglą ant stiebo viršaus;A lidércfény-fáklyát az árbóc tetejére rögzíti;Upevní pochodňu bludičky na vrchol sťažňa;Monta a tocha do fogo-fátuo no topo do mastro;मस्तूल के शीर्ष पर भटकती रोशनी की मशाल लगाता है;ติดตั้งคบเพลิงแสงภูตบนยอดเสากระโดง;Postavlja baklju svjetlucavca na vrh jarbola;ამაგრებს მოციმციმე შუქის ჩირაღდანს ძელის წვერზე;Τοποθετεί τον πυρσό του φωτεινού πνεύματος στην κορυφή του ιστού;Postavlja baklju ognjika na vrh jarbola;Piestiprina kvēlojošās gaismas lāpu masta galā
lu_part_wisp_name;Wisp;Огонёк;Irrlicht;Wisp;Ohýnek;Dwaallicht;Feu follet;ウィスプ;위습;Ognik;Wisp;Işıkcık;Вогник;幽光;幽光;Irrbloss;Fuoco fatuo;Foc fătui;Блуждаещ огън;Светлечка;Keijuvalo;Vandringslys;Vandrende lys;Vísir;Klaidžiojanti šviesa;Lidércfény;Bludička;Fogo-fátuo;भटकती रोशनी;แสงภูต;Svjetlucavac;მოციმციმე შუქი;Φωτεινό πνεύμα;Ognjik;Kvēlojoša gaisma
lu_part_maptable_name;Small cartography table;Небольшой стол картографа;Kleiner Kartentisch;Mesa pequeña de cartografía;Malý kartografický stůl;Kleine cartografietafel;Petite table de cartographie;小さな地図製作台;소형 지도 제작대;Mały stół kartograficzny;Mesa pequena de cartografia;Küçük haritacılık masası;Невеликий стіл картографа;小型制图台;小型製圖台;Litet kartbord;Piccolo tavolo cartografico;Masă mică de cartografie;Малка картографска маса;Мала картографска маса;Pieni karttapöytä;Lille kortbord;Lite kartbord;Lítið kortaborð;Mažas kartografijos stalas;Kis térképasztal;Malý kartografický stôl;Pequena mesa de cartografia;छोटी मानचित्रण मेज़;โต๊ะทำแผนที่ขนาดเล็ก;Mali kartografski stol;პატარა კარტოგრაფიის მაგიდა;Μικρό τραπέζι χαρτογράφησης;Mali kartografski sto;Mazs kartogrāfijas galds
lu_part_maptable_upgrade;With this table you can record and share your explorations of the tenth world.;За этим столом можно записывать и делиться своими открытиями в десятом мире.;Mit diesem Tisch kannst du deine Erkundungen der zehnten Welt aufzeichnen und teilen.;Con esta mesa puedes registrar y compartir tus exploraciones del décimo mundo.;U tohoto stolu můžeš zaznamenávat a sdílet své průzkumy desátého světa.;Met deze tafel kun je je verkenningen van de tiende wereld vastleggen en delen.;Avec cette table, tu peux consigner et partager tes explorations du dixième monde.;このテーブルで、第十世界での探索を記録し共有できます;이 탁자에서 열 번째 세계의 탐험을 기록하고 공유할 수 있습니다;Przy tym stole możesz zapisywać i udostępniać swoje odkrycia Dziesiątego Świata.;Com esta mesa, você pode registrar e compartilhar suas explorações do décimo mundo.;Bu masa ile onuncu dünyadaki keşiflerini kaydedip paylaşabilirsin.;За цим столом можна записувати й ділитися своїми відкриттями у десятому світі.;你可以在此记录并分享你在第十世界的探索;你可以在此記錄並分享你在第十世界的探索;Med detta bord kan du anteckna och dela dina upptäckter i den tionde världen.;Con questo tavolo puoi registrare e condividere le tue esplorazioni del decimo mondo.;Cu această masă poți nota și împărtăși explorările tale din a zecea lume.;С тази маса можете да записвате и споделяте своите изследвания на десетия свят.;Со оваа маса можеш да ги запишуваш и споделуваш твоите истражувања на десеттиот свет.;Tällä pöydällä voit kirjata ja jakaa tutkimuksesi kymmenennessä maailmassa.;Med dette bord kan du registrere og dele dine udforskninger af den tiende verden.;Med dette bordet kan du registrere og dele dine utforskninger av den tiende verden.;Með þessu borði geturðu skráð og deilt könnunum þínum á tíunda heiminum.;Prie šio stalo gali užrašyti ir dalintis savo tyrinėjimais dešimtajame pasaulyje.;Ezzel az asztallal rögzítheted és megoszthatod a tizedik világ felfedezéseit.;Pri tomto stole môžeš zapisovať a zdieľať svoje prieskumy desiateho sveta.;Com esta mesa podes registar e partilhar as tuas explorações do décimo mundo.;इस मेज़ पर आप दसवीं दुनिया की अपनी खोजों को दर्ज कर और साझा कर सकते हैं।;ด้วยโต๊ะนี้ คุณสามารถบันทึกและแบ่งปันการสำรวจของคุณในโลกที่สิบได้;Za ovim stolom možeš zapisivati i dijeliti svoja istraživanja desetog svijeta.;ამ მაგიდასთან შეგიძლია ჩაიწერო და გაუზიარო სხვებს შენი კვლევები მეათე სამყაროში.;Με αυτό το τραπέζι μπορείς να καταγράφεις και να μοιράζεσαι τις εξερευνήσεις σου στον δέκατο κόσμο.;Za ovim stolom možeš da beležiš i deliš svoja istraživanja desetog sveta.;Pie šī galda vari pierakstīt un dalīties ar saviem atklājumiem desmitajā pasaulē.
